filename,class_id,class_name,confidence,x_min_pixel,y_min_pixel,x_max_pixel,y_max_pixel
AIX034925.jpg,0,leaf,0.2633,3406,4585,3482,4639
AIX034925.jpg,2,stem,0.3521,204,4044,1101,4370
AIX034925.jpg,0,leaf,0.3577,3485,4272,3573,4398
AIX034925.jpg,0,leaf,0.3996,746,1892,993,1986
AIX034925.jpg,2,stem,0.4078,792,3234,1051,4460
AIX034925.jpg,2,stem,0.4287,103,4042,774,4175
AIX034925.jpg,0,leaf,0.4393,3401,4651,3488,4744
AIX034925.jpg,2,stem,0.5261,1443,1562,1681,1823
AIX034925.jpg,0,leaf,0.5854,433,4000,476,4067
AIX034925.jpg,0,leaf,0.5854,2799,500,2859,608
AIX034925.jpg,3,flower,0.6096,610,3871,743,3973
AIX034925.jpg,2,stem,0.6204,1072,2335,1218,2857
AIX034925.jpg,2,stem,0.7195,858,3245,1045,3928
AIX034925.jpg,0,leaf,0.7716,2684,172,2773,420
AIX034925.jpg,0,leaf,0.7769,611,3870,744,3973
AIX034925.jpg,2,stem,0.8308,2661,528,2827,1002
AIX034925.jpg,0,leaf,0.8312,2328,536,2688,732
AIX034925.jpg,3,flower,0.8425,1327,1367,1428,1472
AIX034925.jpg,3,flower,0.8434,595,2649,702,2763
AIX034925.jpg,0,leaf,0.8565,2423,714,2629,1013
AIX034925.jpg,0,leaf,0.8613,2329,363,2694,575
AIX034925.jpg,2,stem,0.8644,1701,1314,2178,1620
AIX034925.jpg,2,stem,0.8691,775,2150,941,2289
AIX034925.jpg,2,stem,0.8806,2215,1017,2642,1358
AIX034925.jpg,2,stem,0.8894,1166,1794,1452,2313
AIX034925.jpg,0,leaf,0.8933,433,2534,601,2812
AIX034925.jpg,2,stem,0.9132,611,2795,951,2981
AIX034925.jpg,0,leaf,0.9216,927,1874,1187,2349
AIX034925.jpg,0,leaf,0.9271,1505,1112,1696,1520
AIX034925.jpg,0,leaf,0.9288,2846,428,3092,685
AIX034925.jpg,0,leaf,0.932,1244,2295,1460,2739
AIX034925.jpg,0,leaf,0.9376,492,1874,772,2162
AIX034925.jpg,0,leaf,0.9449,601,3025,932,3389
AIX034925.jpg,0,leaf,0.9486,978,1320,1365,1795
AIX034925.jpg,0,leaf,0.9519,900,2823,1205,3261
AIX034925.jpg,0,leaf,0.9552,1638,817,2188,1323
AIX043024.jpg,0,leaf,0.2552,4464,4194,4660,4333
AIX043024.jpg,3,flower,0.3072,4161,4054,4353,4347
AIX043024.jpg,0,leaf,0.3306,3952,4307,4373,4574
AIX043024.jpg,0,leaf,0.4038,3967,4211,4458,4730
AIX043024.jpg,3,flower,0.4946,4709,3739,4883,3895
AIX043024.jpg,3,flower,0.4993,4251,4982,4477,5218
AIX043024.jpg,3,flower,0.5524,3921,3282,4202,3576
AIX043024.jpg,3,flower,0.6128,3805,3515,4120,3811
AIX043024.jpg,3,flower,0.6146,2830,1732,3203,2119
AIX043024.jpg,3,flower,0.6372,3950,3929,4215,4201
AIX043024.jpg,0,leaf,0.6382,2831,1737,3199,2123
AIX043024.jpg,3,flower,0.6587,4540,3791,4887,4047
AIX043024.jpg,3,flower,0.6619,4521,4733,4735,4956
AIX043024.jpg,3,flower,0.6845,4100,3192,4361,3464
AIX043024.jpg,2,stem,0.7631,4272,5447,4658,6356
AIX043024.jpg,0,leaf,0.7692,4489,5114,4852,5456
AIX043024.jpg,3,flower,0.8108,4798,3623,5082,3911
AIX043024.jpg,3,flower,0.8119,3719,4133,4019,4371
AIX043024.jpg,3,flower,0.8145,4403,3195,4723,3516
AIX043024.jpg,3,flower,0.8392,4681,3320,5014,3640
AIX043024.jpg,2,stem,0.8414,1528,3828,1919,4609
AIX043024.jpg,3,flower,0.8525,3760,3775,4019,4093
AIX043024.jpg,3,flower,0.8535,3653,4356,3935,4645
AIX043024.jpg,2,stem,0.854,2748,9554,3630,9930
AIX043024.jpg,2,stem,0.8581,1307,5030,1499,5808
AIX043024.jpg,3,flower,0.8886,4669,4166,4938,4463
AIX043024.jpg,0,leaf,0.8988,4315,1975,4834,2580
AIX043024.jpg,0,leaf,0.9083,3906,2022,4356,2686
AIX043024.jpg,0,leaf,0.9138,1755,7578,2202,8131
AIX043024.jpg,0,leaf,0.9145,1767,9484,2740,9983
AIX043024.jpg,2,stem,0.9155,1924,2912,2289,3521
AIX043024.jpg,2,stem,0.9184,1879,8361,2477,9457
AIX043024.jpg,0,leaf,0.9185,1459,8356,1853,8829
AIX043024.jpg,2,stem,0.9202,1351,6682,1772,7672
AIX043024.jpg,2,stem,0.9209,2313,2064,2771,2821
AIX043024.jpg,0,leaf,0.9232,3652,6078,4274,6841
AIX043024.jpg,0,leaf,0.9261,1018,5748,1319,6308
AIX043024.jpg,0,leaf,0.9282,1311,5846,1865,6294
AIX043024.jpg,0,leaf,0.9336,1560,2385,2270,2934
AIX043024.jpg,0,leaf,0.934,1216,7872,1830,8411
AIX043024.jpg,0,leaf,0.9411,3826,802,4590,1777
AIX043024.jpg,0,leaf,0.9424,1235,6264,1697,6653
AIX043024.jpg,0,leaf,0.9427,958,4248,1515,5017
AIX043024.jpg,0,leaf,0.9449,1887,6986,2297,7659
AIX043024.jpg,0,leaf,0.9463,3331,1586,4211,2191
AIX043024.jpg,0,leaf,0.9471,4416,1524,5314,2142
AIX043024.jpg,0,leaf,0.9479,1894,3547,2601,4090
AIX043024.jpg,0,leaf,0.9482,933,4979,1327,5385
AIX043024.jpg,0,leaf,0.9521,3748,5236,4321,6028
AIX043024.jpg,0,leaf,0.9587,2291,7729,2783,8404
AIX043024.jpg,0,leaf,0.9752,2980,5733,3777,6370
AIX055881.jpg,3,flower,0.3194,1184,7150,1431,7389
AIX055881.jpg,3,flower,0.3634,881,5932,1129,6222
AIX055881.jpg,0,leaf,0.4172,1744,4315,3555,5674
AIX055881.jpg,3,flower,0.5059,1463,7066,1713,7285
AIX055881.jpg,2,stem,0.655,5001,5371,6105,6616
AIX055881.jpg,3,flower,0.6643,774,6248,1106,6565
AIX055881.jpg,0,leaf,0.6718,3260,2415,4489,4062
AIX055881.jpg,0,leaf,0.7415,1478,5252,3645,6335
AIX055881.jpg,0,leaf,0.7627,1385,6335,2639,7146
AIX055881.jpg,2,stem,0.7657,2283,1498,2549,2555
AIX055881.jpg,3,flower,0.8051,644,6932,1058,7686
AIX055881.jpg,0,leaf,0.8589,1968,2435,3202,4401
AIX055881.jpg,2,stem,0.8778,1765,2232,2245,2590
AIX055881.jpg,2,stem,0.8793,1221,4622,1790,5669
AIX055881.jpg,0,leaf,0.8806,939,6855,1672,8021
AIX055881.jpg,0,leaf,0.889,0,3352,1935,4554
AIX055881.jpg,2,stem,0.8977,3578,5041,4226,5993
AIX055881.jpg,0,leaf,0.9124,123,2001,1905,3471
AIX055881.jpg,0,leaf,0.9148,2653,7955,3751,8893
AIX055881.jpg,0,leaf,0.939,1682,7186,2900,8393
AIX055881.jpg,0,leaf,0.944,2674,6672,3824,7946
AIX055881.jpg,0,leaf,0.9641,3853,4021,5095,5131
AIX055881.jpg,0,leaf,0.9712,2498,531,4427,2485
AIX055881.jpg,0,leaf,0.9732,1097,275,2489,2209
AIX055881.jpg,0,leaf,0.9772,5091,4290,6281,5320
AIX055881.jpg,0,leaf,0.9776,4581,2783,5813,4280
AIX055881.jpg,0,leaf,0.9785,4447,504,6265,2536
ALF032718.jpg,0,leaf,0.2713,1880,1636,2040,1762
ALF032718.jpg,2,stem,0.2866,2741,459,3216,564
ALF032718.jpg,0,leaf,0.2942,1031,3077,1179,3173
ALF032718.jpg,0,leaf,0.3406,1549,1082,1802,1351
ALF032718.jpg,0,leaf,0.3668,1443,4716,1673,4926
ALF032718.jpg,0,leaf,0.3773,308,2695,535,2864
ALF032718.jpg,0,leaf,0.38,1183,3882,1271,4097
ALF032718.jpg,0,leaf,0.3948,887,4009,1261,4310
ALF032718.jpg,3,flower,0.3958,1715,2860,1902,3127
ALF032718.jpg,3,flower,0.4073,1882,970,2063,1156
ALF032718.jpg,2,stem,0.4286,696,1628,1057,2907
ALF032718.jpg,2,stem,0.4567,1822,2023,1980,2317
ALF032718.jpg,0,leaf,0.5061,1647,4928,2025,5083
ALF032718.jpg,3,flower,0.5167,2113,2361,2230,2525
ALF032718.jpg,3,flower,0.558,1962,2064,2284,2405
ALF032718.jpg,2,stem,0.5641,1591,3075,1734,3304
ALF032718.jpg,2,stem,0.5697,2467,1208,2742,2074
ALF032718.jpg,2,stem,0.6013,1180,5034,1620,5443
ALF032718.jpg,3,flower,0.6172,1262,3371,1472,3556
ALF032718.jpg,0,leaf,0.6412,1856,1511,1937,1677
ALF032718.jpg,2,stem,0.6462,1145,4356,1239,5034
ALF032718.jpg,3,flower,0.6508,703,3354,852,3578
ALF032718.jpg,0,leaf,0.6699,1471,1515,1833,1842
ALF032718.jpg,0,leaf,0.6761,1950,2081,2306,2412
ALF032718.jpg,2,stem,0.6812,905,3550,1062,4038
ALF032718.jpg,3,flower,0.7041,2021,943,2162,1085
ALF032718.jpg,2,stem,0.7206,1468,1481,1620,1634
ALF032718.jpg,3,flower,0.7221,1262,3993,1443,4194
ALF032718.jpg,0,leaf,0.7231,1179,1762,1567,1962
ALF032718.jpg,3,flower,0.7369,970,4276,1155,4442
ALF032718.jpg,2,stem,0.7556,1993,4357,2240,4995
ALF032718.jpg,3,flower,0.7669,882,4014,1269,4308
ALF032718.jpg,2,stem,0.7704,1481,3288,1594,3522
ALF032718.jpg,0,leaf,0.8105,1606,3793,1945,3926
ALF032718.jpg,3,flower,0.8147,69,2648,434,3017
ALF032718.jpg,0,leaf,0.8155,1893,1720,2364,2094
ALF032718.jpg,0,leaf,0.8159,980,3404,1447,3669
ALF032718.jpg,2,stem,0.8198,2214,937,2513,1805
ALF032718.jpg,2,stem,0.8233,2577,419,3209,2090
ALF032718.jpg,2,stem,0.8391,1038,1935,1239,2732
ALF032718.jpg,3,flower,0.8397,1970,4134,2316,4363
ALF032718.jpg,0,leaf,0.8401,1546,2023,1780,2508
ALF032718.jpg,2,stem,0.8413,389,2906,642,3230
ALF032718.jpg,2,stem,0.8439,1980,561,2412,874
ALF032718.jpg,0,leaf,0.8446,1306,1971,1594,2266
ALF032718.jpg,3,flower,0.8461,1225,4853,1403,5048
ALF032718.jpg,0,leaf,0.8474,836,2967,1049,3340
ALF032718.jpg,0,leaf,0.8482,26,3451,535,3749
ALF032718.jpg,3,flower,0.8485,1443,4724,1663,4930
ALF032718.jpg,0,leaf,0.8536,1303,872,1807,1230
ALF032718.jpg,2,stem,0.8566,1089,1202,1523,1645
ALF032718.jpg,2,stem,0.8592,1818,1180,2048,1542
ALF032718.jpg,3,flower,0.8613,2351,285,2760,699
ALF032718.jpg,0,leaf,0.8618,1329,3632,1584,4130
ALF032718.jpg,0,leaf,0.8724,1578,3278,1764,3724
ALF032718.jpg,0,leaf,0.8733,1250,5433,1764,5659
ALF032718.jpg,0,leaf,0.876,224,3245,656,3501
ALF032718.jpg,3,flower,0.8825,1710,4251,2023,4580
ALF032718.jpg,2,stem,0.8866,2256,2150,2443,4154
ALF032718.jpg,2,stem,0.8891,611,3538,783,4890
ALF032718.jpg,0,leaf,0.8932,841,2743,1283,2950
ALF032718.jpg,2,stem,0.9232,1861,2499,2114,2872
ALF032721.jpg,0,leaf,0.2511,2779,1261,2945,1387
ALF032721.jpg,0,leaf,0.2535,1927,175,2019,325
ALF032721.jpg,2,stem,0.2563,1744,1077,2051,1347
ALF032721.jpg,0,leaf,0.2828,3319,1190,3420,1551
ALF032721.jpg,2,stem,0.2829,2257,3401,3305,3924
ALF032721.jpg,0,leaf,0.2913,1603,464,2118,961
ALF032721.jpg,0,leaf,0.2919,2561,1282,2837,1521
ALF032721.jpg,0,leaf,0.2935,2519,1262,2894,1754
ALF032721.jpg,2,stem,0.2976,1222,4268,1769,4489
ALF032721.jpg,2,stem,0.3002,882,5208,1491,5649
ALF032721.jpg,2,stem,0.3137,922,4769,1135,5092
ALF032721.jpg,0,leaf,0.335,1615,0,2894,557
ALF032721.jpg,2,stem,0.3411,2164,98,2699,451
ALF032721.jpg,2,stem,0.3454,2205,3676,2956,3913
ALF032721.jpg,0,leaf,0.3694,1937,1299,2687,1716
ALF032721.jpg,0,leaf,0.4152,2781,528,2967,741
ALF032721.jpg,0,leaf,0.4253,3134,68,3784,539
ALF032721.jpg,3,flower,0.4275,2936,1704,3040,1812
ALF032721.jpg,0,leaf,0.4296,2546,2686,2764,2807
ALF032721.jpg,2,stem,0.4488,547,3402,1229,4019
ALF032721.jpg,2,stem,0.4715,879,1253,1539,2135
ALF032721.jpg,2,stem,0.4803,1725,18,1931,353
ALF032721.jpg,0,leaf,0.4956,1548,1343,2097,2476
ALF032721.jpg,0,leaf,0.5011,2445,1785,2656,2072
ALF032721.jpg,0,leaf,0.5048,2994,2782,3271,3022
ALF032721.jpg,2,stem,0.5247,2997,800,3168,1291
ALF032721.jpg,0,leaf,0.5297,3030,455,3557,857
ALF032721.jpg,0,leaf,0.5319,2948,2008,3200,2202
ALF032721.jpg,2,stem,0.5535,2995,2941,3413,3992
ALF032721.jpg,0,leaf,0.5911,2683,2096,3076,2404
ALF032721.jpg,0,leaf,0.613,1714,574,2957,1264
ALF032721.jpg,0,leaf,0.647,2937,30,3757,879
ALF032721.jpg,2,stem,0.7084,1884,3887,2162,4195
ALF032721.jpg,0,leaf,0.723,2188,2064,2577,2525
ALF032721.jpg,0,leaf,0.7261,2996,1409,3271,1882
ALF032721.jpg,0,leaf,0.7476,2278,2449,2608,2976
ALF032721.jpg,0,leaf,0.7518,2645,2408,3109,2716
ALF032721.jpg,0,leaf,0.7784,3531,1173,3731,1510
ALF032721.jpg,0,leaf,0.8055,3321,1093,3622,1198
ALF032721.jpg,2,stem,0.8088,556,4147,1738,4470
ALF032721.jpg,2,stem,0.8132,891,480,1555,1273
ALF032721.jpg,0,leaf,0.8169,923,2715,1791,3198
ALF032721.jpg,0,leaf,0.8241,2786,1734,3014,2106
ALF032721.jpg,0,leaf,0.8244,1293,3781,1812,4072
ALF032721.jpg,0,leaf,0.8411,2916,1292,3236,1485
ALF032721.jpg,0,leaf,0.8426,1593,3383,2259,3869
ALF032721.jpg,2,stem,0.8766,1572,5022,2324,5372
ALF032721.jpg,0,leaf,0.8857,1532,4498,1922,4847
ALF032721.jpg,0,leaf,0.8908,1126,3471,1679,3789
ALF032721.jpg,2,stem,0.8978,593,4637,1194,5658
ALF032721.jpg,0,leaf,0.913,2576,1906,2825,2337
ALF032721.jpg,0,leaf,0.9141,952,4476,1488,4787
ALF032721.jpg,0,leaf,0.9206,984,3155,1701,3480
ALF032721.jpg,0,leaf,0.9278,1265,4618,1668,5260
ALF032741.jpg,2,stem,0.2509,2650,1683,2706,2011
ALF032741.jpg,0,leaf,0.2591,384,3851,455,3983
ALF032741.jpg,3,flower,0.2603,3532,1557,3617,1669
ALF032741.jpg,2,stem,0.2754,350,4419,627,4599
ALF032741.jpg,2,stem,0.2861,1556,2435,1630,2808
ALF032741.jpg,2,stem,0.3056,361,3605,407,3818
ALF032741.jpg,2,stem,0.3641,300,5063,559,5381
ALF032741.jpg,0,leaf,0.3728,1585,2321,1649,2407
ALF032741.jpg,3,flower,0.3771,3181,3261,3256,3338
ALF032741.jpg,2,stem,0.4034,3154,1168,3274,1312
ALF032741.jpg,2,stem,0.4166,1274,2255,1593,2431
ALF032741.jpg,2,stem,0.4194,1712,3758,1776,4136
ALF032741.jpg,2,stem,0.4312,2980,3015,3517,3484
ALF032741.jpg,0,leaf,0.47,3271,1283,3343,1391
ALF032741.jpg,3,flower,0.5727,1423,5725,1496,5803
ALF032741.jpg,2,stem,0.5749,1479,2028,1778,2176
ALF032741.jpg,2,stem,0.5757,3293,2806,3417,3002
ALF032741.jpg,0,leaf,0.5922,1560,2232,1759,2340
ALF032741.jpg,2,stem,0.6111,3570,1678,3632,1946
ALF032741.jpg,3,flower,0.6208,3351,3162,3421,3230
ALF032741.jpg,0,leaf,0.6271,1528,5727,1611,5838
ALF032741.jpg,0,leaf,0.6522,1663,2734,1806,2971
ALF032741.jpg,2,stem,0.6542,2285,2656,2759,3165
ALF032741.jpg,3,flower,0.6562,1681,3015,1763,3119
ALF032741.jpg,3,flower,0.6639,1930,843,2077,963
ALF032741.jpg,0,leaf,0.6705,347,4416,648,4601
ALF032741.jpg,1,root,0.6761,258,5378,388,5513
ALF032741.jpg,3,flower,0.6808,436,3791,578,3944
ALF032741.jpg,3,flower,0.6845,2530,2397,2645,2526
ALF032741.jpg,3,flower,0.6885,1631,2628,1716,2725
ALF032741.jpg,2,stem,0.6922,1100,5666,1556,5944
ALF032741.jpg,0,leaf,0.6993,400,3417,607,3567
ALF032741.jpg,2,stem,0.7124,128,1917,240,2850
ALF032741.jpg,2,stem,0.718,2633,1987,2736,2501
ALF032741.jpg,3,flower,0.7211,371,3387,482,3489
ALF032741.jpg,0,leaf,0.7235,292,3194,688,3274
ALF032741.jpg,2,stem,0.7317,1637,3158,1729,3683
ALF032741.jpg,3,flower,0.7337,277,2982,383,3095
ALF032741.jpg,0,leaf,0.7365,867,5595,1118,5997
ALF032741.jpg,3,flower,0.7379,603,4114,709,4262
ALF032741.jpg,0,leaf,0.7409,1486,2035,1778,2171
ALF032741.jpg,3,flower,0.7468,1742,3474,1837,3584
ALF032741.jpg,0,leaf,0.753,3324,2496,3426,2752
ALF032741.jpg,0,leaf,0.7582,1793,3941,1875,4058
ALF032741.jpg,2,stem,0.7664,3321,1382,3512,1597
ALF032741.jpg,3,flower,0.7743,2349,1235,2453,1359
ALF032741.jpg,2,stem,0.7922,1613,617,1916,1112
ALF032741.jpg,3,flower,0.8026,1584,512,1696,612
ALF032741.jpg,2,stem,0.8119,1620,4655,1742,5073
ALF032741.jpg,0,leaf,0.8141,3433,2870,3647,3167
ALF032741.jpg,0,leaf,0.8154,1755,2559,2317,3043
ALF032741.jpg,0,leaf,0.8171,3299,1593,3568,1700
ALF032741.jpg,0,leaf,0.8253,1612,2382,1865,2466
ALF032741.jpg,0,leaf,0.8289,2511,1782,2658,1988
ALF032741.jpg,2,stem,0.8371,584,4647,1120,4953
ALF032741.jpg,2,stem,0.8425,429,3965,596,4413
ALF032741.jpg,0,leaf,0.8489,3406,2457,3772,2570
ALF032741.jpg,2,stem,0.851,170,5518,355,5780
ALF032741.jpg,2,stem,0.8511,3431,2049,3573,2409
ALF032741.jpg,0,leaf,0.8541,2528,3170,2885,3436
ALF032741.jpg,2,stem,0.8587,1927,1010,2351,1390
ALF032741.jpg,0,leaf,0.8684,2064,2096,2594,2667
ALF032741.jpg,2,stem,0.8699,1703,4069,1831,4523
ALF032741.jpg,0,leaf,0.8703,1699,3103,2042,3187
ALF032741.jpg,2,stem,0.8855,2355,1369,2547,1642
ALF032741.jpg,0,leaf,0.8963,1764,3587,2053,3820
ALF032741.jpg,0,leaf,0.9004,109,4836,642,5036
ALF032741.jpg,0,leaf,0.9062,2594,3825,3098,4058
ALF032741.jpg,2,stem,0.9075,2534,928,3128,1202
ALF032741.jpg,0,leaf,0.9137,1676,4549,2075,4744
ALF032741.jpg,0,leaf,0.9174,1841,4044,2101,4318
ALF032741.jpg,0,leaf,0.9234,376,5402,748,5801
ALF032741.jpg,0,leaf,0.9315,640,4173,1151,4444
ALF032741.jpg,0,leaf,0.9415,1683,231,2563,779
ALF032741.jpg,0,leaf,0.9613,2539,1274,3130,1713
ALF032746.jpg,2,stem,0.2558,2914,928,3398,3823
ALF032746.jpg,0,leaf,0.2664,2293,704,2492,800
ALF032746.jpg,0,leaf,0.292,1051,1243,1148,1436
ALF032746.jpg,0,leaf,0.2998,408,2016,605,2106
ALF032746.jpg,0,leaf,0.3582,1676,2009,1825,2212
ALF032746.jpg,2,stem,0.362,912,1639,1092,1881
ALF032746.jpg,0,leaf,0.362,673,2269,786,2379
ALF032746.jpg,0,leaf,0.3633,1138,1206,1237,1316
ALF032746.jpg,0,leaf,0.4163,2485,677,2627,747
ALF032746.jpg,3,flower,0.4298,1214,1361,1379,1554
ALF032746.jpg,2,stem,0.4485,772,1632,1069,2305
ALF032746.jpg,0,leaf,0.4535,1891,2498,2436,2919
ALF032746.jpg,2,stem,0.4647,1426,410,1518,528
ALF032746.jpg,3,flower,0.4885,1315,534,1691,946
ALF032746.jpg,0,leaf,0.5278,1690,2238,2105,2478
ALF032746.jpg,0,leaf,0.5303,367,2096,601,2329
ALF032746.jpg,0,leaf,0.5453,1548,2455,2008,2730
ALF032746.jpg,2,stem,0.5645,2198,3241,2641,3578
ALF032746.jpg,0,leaf,0.5666,998,1205,1280,1617
ALF032746.jpg,0,leaf,0.5685,2343,3123,2661,3230
ALF032746.jpg,0,leaf,0.572,1434,2534,1538,2773
ALF032746.jpg,3,flower,0.5741,1384,278,1501,404
ALF032746.jpg,0,leaf,0.5965,2780,1165,3120,1327
ALF032746.jpg,0,leaf,0.6122,332,2889,520,3082
ALF032746.jpg,0,leaf,0.614,1535,2779,1657,2961
ALF032746.jpg,2,stem,0.6158,1383,2433,1530,2517
ALF032746.jpg,0,leaf,0.6181,1398,2745,1481,3063
ALF032746.jpg,0,leaf,0.636,1619,2680,2115,3316
ALF032746.jpg,0,leaf,0.636,870,1439,1123,1542
ALF032746.jpg,0,leaf,0.6566,139,1884,278,2062
ALF032746.jpg,0,leaf,0.6608,568,2809,759,2958
ALF032746.jpg,2,stem,0.6621,2206,3576,2789,4017
ALF032746.jpg,0,leaf,0.6709,2088,2911,2356,3190
ALF032746.jpg,2,stem,0.683,1155,2180,1386,2389
ALF032746.jpg,0,leaf,0.6872,1315,524,1679,957
ALF032746.jpg,0,leaf,0.6891,317,2753,568,3046
ALF032746.jpg,0,leaf,0.7084,1133,2354,1361,2615
ALF032746.jpg,0,leaf,0.7122,2988,949,3301,1292
ALF032746.jpg,2,stem,0.7218,2326,1438,2469,2498
ALF032746.jpg,0,leaf,0.7249,1794,2136,2075,2270
ALF032746.jpg,0,leaf,0.7267,168,2093,456,2343
ALF032746.jpg,0,leaf,0.7705,2686,770,3010,955
ALF032746.jpg,0,leaf,0.7777,1157,2046,1399,2166
ALF032746.jpg,0,leaf,0.7835,288,1916,591,2092
ALF032746.jpg,0,leaf,0.793,1719,1779,1933,1997
ALF032746.jpg,0,leaf,0.8002,450,2687,590,2835
ALF032746.jpg,2,stem,0.8046,591,2373,673,2794
ALF032746.jpg,0,leaf,0.8139,2347,806,2469,1183
ALF032746.jpg,2,stem,0.8426,1337,1160,1683,1428
ALF032746.jpg,0,leaf,0.8539,2489,901,2931,1257
ALF032746.jpg,0,leaf,0.8548,2531,695,2890,841
ALF032746.jpg,0,leaf,0.8611,1410,2247,1664,2451
ALF032746.jpg,0,leaf,0.8637,1248,2695,1353,3067
ALF032746.jpg,0,leaf,0.864,2292,556,2504,752
ALF032746.jpg,0,leaf,0.8757,1509,1911,1675,2204
ALF032746.jpg,2,stem,0.9114,1558,3534,2197,4243
ALF032746.jpg,0,leaf,0.9115,2910,600,3277,896
ALF032746.jpg,2,stem,0.9255,515,3112,1115,4438
NCY014503.jpg,3,flower,0.3343,2810,741,2985,918
NCY014503.jpg,3,flower,0.4494,4515,5146,4729,5355
NCY014503.jpg,3,flower,0.456,2830,1190,2995,1371
NCY014503.jpg,3,flower,0.4579,3100,1090,3258,1257
NCY014503.jpg,2,stem,0.4929,2272,1895,2564,2492
NCY014503.jpg,3,flower,0.584,2910,873,3122,1119
NCY014503.jpg,3,flower,0.7262,2606,764,2817,937
NCY014503.jpg,3,flower,0.7471,2989,1331,3170,1574
NCY014503.jpg,2,stem,0.7711,4446,5283,4817,5817
NCY014503.jpg,0,leaf,0.8071,2528,1154,2959,1735
NCY014503.jpg,3,flower,0.8095,2966,562,3233,849
NCY014503.jpg,3,flower,0.8112,2553,2308,2867,2606
NCY014503.jpg,3,flower,0.8149,3214,837,3421,1097
NCY014503.jpg,3,flower,0.8151,2383,810,2621,1069
NCY014503.jpg,2,stem,0.8176,4970,2990,5144,3439
NCY014503.jpg,3,flower,0.8214,2669,500,2938,822
NCY014503.jpg,2,stem,0.8345,1531,2493,2042,5430
NCY014503.jpg,3,flower,0.8355,1781,2321,2033,2525
NCY014503.jpg,3,flower,0.8497,3168,1203,3397,1542
NCY014503.jpg,3,flower,0.8807,2808,1924,3087,2212
NCY014503.jpg,3,flower,0.8932,2154,1212,2450,1477
NCY014503.jpg,1,root,0.8954,3082,9360,5088,9954
NCY014503.jpg,2,stem,0.91,4203,8433,4556,9385
NCY014503.jpg,2,stem,0.9245,1287,4629,2756,5432
NCY014503.jpg,2,stem,0.9325,4444,3834,4964,5020
NCY014503.jpg,0,leaf,0.9363,4522,7964,5339,8683
NCY014503.jpg,0,leaf,0.9494,4656,7216,6195,8105
NCY014503.jpg,0,leaf,0.9583,3600,7910,4524,8539
NCY014503.jpg,0,leaf,0.9607,4433,5885,5713,7648
NCY014503.jpg,0,leaf,0.9619,2459,2352,3561,3526
NCY014503.jpg,0,leaf,0.9661,5132,2604,6771,3750
NCY014503.jpg,0,leaf,0.9664,15,1201,1128,2536
NCY014503.jpg,0,leaf,0.9671,228,2460,1331,3413
NCY014503.jpg,0,leaf,0.9672,3433,6720,4600,7945
NCY014503.jpg,0,leaf,0.9676,1123,1232,2041,2539
NCY014503.jpg,0,leaf,0.9704,2832,3619,4120,4978
NCY014503.jpg,0,leaf,0.9723,18,3638,1421,5057
NCY014503.jpg,0,leaf,0.9735,3443,1963,4945,3783
NCY014503.jpg,0,leaf,0.9744,4938,3483,6099,4624
NCY014503.jpg,0,leaf,0.9794,4905,1176,6348,3010
NCY014503.jpg,0,leaf,0.9795,2467,4991,3664,6510
bus.jpg,3,flower,0.7317,0,826,807,1080
bus.jpg,0,leaf,0.8313,704,500,810,860
image1.jpg,4,fruit,0.2734,212,90,249,116
image1.jpg,3,flower,0.2866,470,68,613,365
image1.jpg,4,fruit,0.3158,255,94,274,113
image1.jpg,2,stem,0.3289,446,255,503,369
image1.jpg,3,flower,0.4289,123,3,285,182
image1.jpg,3,flower,0.5501,100,128,134,187
image1.jpg,0,leaf,0.5598,470,74,609,194
image1.jpg,0,leaf,0.6818,204,178,428,536
image1.jpg,0,leaf,0.7436,123,3,285,184
image1.jpg,3,flower,0.7828,512,201,567,240
image1.jpg,0,leaf,0.9177,0,167,249,536
image1.jpg,0,leaf,0.936,435,362,625,536
image2.jpg,0,leaf,0.2761,242,19,356,184
image2.jpg,0,leaf,0.3126,328,95,351,143
image2.jpg,2,stem,0.444,479,28,551,78
image2.jpg,3,flower,0.5678,241,20,360,185
image3.jpg,0,leaf,0.4333,104,195,166,280
image3.jpg,0,leaf,0.6416,196,46,431,260
image3.jpg,4,fruit,0.7248,104,196,167,280
image3.jpg,0,leaf,0.8826,94,28,129,84
image3.jpg,0,leaf,0.8998,99,30,204,196
zidane.jpg,0,leaf,0.4042,459,197,666,443
zidane.jpg,4,fruit,0.5364,893,84,1057,289
zidane.jpg,4,fruit,0.7404,458,197,665,443
